N,seed,dutyCycle,devId,registered,authSuccess,attempts,latencyMs,e2eMs,fullEnergyMJ,fullCpuEnergyMJ,fullTxEnergyMJ,fullRxEnergyMJ,idleListeningMs,regEnergyMJ,regCpuEnergyMJ,regTxEnergyMJ,regRxEnergyMJ,authEnergyMJ,authCpuEnergyMJ,authTxEnergyMJ,authRxEnergyMJ,sessionEnergyMJ,fallbackUsed,replayRejected,desync
100,4,1,1,1,1,2,10319.9,24634.1,150.38,69.5741,0.519494,33.4411,24026.6,33.3316,23.1957,0.267264,9.86865,56.4341,46.3784,0.108576,9.69358,89.7657,1,0,0
100,4,1,2,1,1,1,4317.58,18632.4,131.055,46.3844,0.482746,36.6501,17969.1,29.5469,23.1957,0.267264,6.08398,34.8148,23.1887,0.0718272,11.5543,64.3618,0,0,0
100,4,1,3,1,1,3,16318.7,30634.1,148.414,46.3844,0.482746,54.0592,29662.2,33.864,23.1957,0.267264,10.4011,45.5838,23.1887,0.0718272,20.4177,79.4478,0,0,0
100,4,1,4,1,1,5,28323.3,42636.5,206.512,69.5741,0.519494,89.7365,41031,28.5146,23.1957,0.267264,5.05164,109.233,46.3784,0.108576,59.6938,137.747,1,0,0
100,4,1,5,1,1,2,10318.3,24633.1,138.565,46.3844,0.482746,44.1815,23836.3,28.2132,23.1957,0.267264,4.75023,48.8767,23.1887,0.0718272,24.7041,77.0899,0,0,0
100,4,1,6,1,1,2,10317.7,24631.8,142.248,46.3844,0.482746,47.8759,23769.5,28.7384,23.1957,0.267264,5.27543,47.7824,23.1887,0.0718272,23.6068,76.5208,0,0,0
100,4,1,7,1,1,1,4317.51,18633,136.887,46.3844,0.482746,42.4994,17866,32.967,23.1957,0.267264,9.50408,32.6256,23.1887,0.0718272,9.36511,65.5927,0,0,0
100,4,1,8,1,1,1,4315.34,18638.4,138.503,46.3844,0.482746,44.1201,17842.7,35.9179,23.1957,0.267264,12.4549,33.4739,23.1887,0.0718272,10.2134,69.3918,0,0,0
100,4,1,9,1,1,1,4315.34,18628.5,135.514,46.3844,0.482746,41.1224,17886,32.5501,23.1957,0.267264,9.08717,32.3531,23.1887,0.0718272,9.09258,64.9032,0,0,0
100,4,1,10,1,1,3,16320,30639.3,163.705,69.5741,0.519494,46.8057,29794.9,32.8768,23.1957,0.267264,9.41384,65.6732,46.3784,0.108576,17.9758,98.55,1,0,0
100,4,1,11,1,1,2,10325.9,24639.7,156.346,69.5741,0.663149,39.2815,23925.8,28.6843,23.1957,0.267264,5.22129,67.6413,46.3784,0.108576,20.9339,96.3255,1,0,0
100,4,1,12,1,1,1,4323.08,18640.2,131.885,46.3844,0.482746,37.4821,17962.2,28.511,23.1957,0.267264,5.04803,32.7935,23.1887,0.0718272,9.53295,61.3045,0,0,0
100,4,1,13,1,1,1,4315.34,18628.5,122.054,46.3844,0.482746,27.6225,18125.4,27.6339,23.1957,0.267264,4.17089,31.9272,23.1887,0.0718272,8.66665,59.561,0,0,0
100,4,1,14,1,1,3,16320.6,30634.5,165.531,46.3844,0.482746,71.2264,29358.2,34.6184,23.1957,0.267264,11.1555,63.0847,23.1887,0.0718272,37.9694,97.7031,0,0,0
100,4,1,15,1,1,6,34326.6,48639.8,232.03,115.954,0.592992,70.149,47379.4,31.9762,23.1957,0.267264,8.51324,135.113,92.758,0.182074,39.4854,167.089,3,0,0
100,4,1,16,1,1,1,4315.02,18630.8,134.082,46.3844,0.482746,39.6857,17913.7,28.6897,23.1957,0.267264,5.2267,33.14,23.1887,0.0718272,9.87948,61.8296,0,0,0
100,4,1,17,1,1,5,28324.9,42639.4,229.239,92.7639,0.556243,89.9404,41029.1,32.4509,23.1957,0.267264,8.9879,127.651,69.5682,0.145325,55.5752,160.102,2,0,0
100,4,1,18,1,1,2,10319.6,24634.4,172.406,69.5741,0.519494,55.5319,23635.3,31.5719,23.1957,0.267264,8.10897,69.5113,46.3784,0.108576,22.8091,101.083,1,0,0
100,4,1,19,1,1,1,4317.58,18632.7,125.626,46.3844,0.482746,31.205,18066,34.1925,23.1957,0.267264,10.7295,29.4059,23.1887,0.0718272,6.14534,63.5984,0,0,0
100,4,1,20,1,1,2,10318,24634.4,139.024,46.3844,0.482746,44.6417,23829.4,32.4021,23.1957,0.267264,8.93917,38.1672,23.1887,0.0718272,13.9637,70.5693,0,0,0
100,4,1,21,1,1,1,4318.54,18630.5,125.626,46.3844,0.482746,31.205,18063.8,34.3676,23.1957,0.267264,10.9046,29.6423,23.1887,0.0718272,6.38177,64.0098,0,0,0
100,4,1,22,1,1,1,4319.18,18633,136.472,46.3844,0.482746,42.0825,17873.4,31.3662,23.1957,0.267264,7.90322,33.5605,23.1887,0.0718272,10.3,64.9267,0,0,0
100,4,1,23,1,1,2,10318,24630.9,143.15,46.3844,0.482746,48.7801,23752.5,33.1872,23.1957,0.267264,9.72426,40.1666,23.1887,0.0718272,15.9689,73.3539,0,0,0
100,4,1,24,1,1,1,4318.22,18634,138.937,46.3844,0.482746,44.5551,17830.6,35.5407,23.1957,0.267264,12.0777,34.739,23.1887,0.0718272,11.4785,70.2797,0,0,0
100,4,1,25,1,1,2,10317,24634.1,143.328,46.3844,0.482746,48.9588,23752.6,34.7159,23.1957,0.267264,11.2529,39.4196,23.1887,0.0718272,15.2199,74.1355,0,0,0
100,4,1,26,1,1,4,22322,36639.7,172.382,92.7639,0.556243,32.9177,36040.4,30.3735,23.1957,0.267264,6.91058,83.0495,69.5682,0.145325,11.8287,113.423,2,0,0
100,4,1,27,1,1,5,28324.6,42638.1,203.924,115.954,0.592992,41.9616,41877.4,34.5462,23.1957,0.267264,11.0833,111.435,92.758,0.182074,16.7233,145.982,3,0,0
100,4,1,28,1,1,2,10318.3,24636.6,147.462,46.3844,0.482746,53.1044,23681.6,29.9927,23.1957,0.267264,6.52977,46.7638,23.1887,0.0718272,22.5853,76.7565,0,0,0
100,4,1,29,1,1,1,4316.94,18632.6,136.155,46.3844,0.482746,41.7649,17878.6,32.9544,23.1957,0.267264,9.49144,33.8078,23.1887,0.0718272,10.5473,66.7622,0,0,0
100,4,1,30,1,1,2,10325.9,24639.2,138.064,46.3844,0.482746,43.6798,23851.3,26.8253,23.1957,0.267264,3.36234,48.1758,23.1887,0.0718272,24.0002,75.0011,0,0,0
100,4,1,31,1,1,1,4316.62,18630.8,131.876,46.3844,0.482746,37.4731,17952.9,33.1078,23.1957,0.267264,9.64485,29.5863,23.1887,0.0718272,6.32582,62.6941,0,0,0
100,4,1,32,1,1,1,4318.54,18636.5,134.492,46.3844,0.482746,40.0972,17912.2,29.3376,23.1957,0.267264,5.87462,33.4324,23.1887,0.0718272,10.1719,62.7699,0,0,0
100,4,1,33,1,1,1,4321.45,18635.9,123.437,46.3844,0.482746,29.0104,18108.1,29.1968,23.1957,0.267264,5.73385,32.3964,23.1887,0.0718272,9.1359,61.5932,0,0,0
100,4,1,34,1,1,1,4317.26,18632.1,134.609,46.3844,0.482746,40.2146,17905.6,35.3927,23.1957,0.267264,11.9297,29.8571,23.1887,0.0718272,6.59654,65.2497,0,0,0
100,4,1,35,1,1,1,4317.9,18632.1,136.108,46.3844,0.482746,41.718,17879,32.3336,23.1957,0.267264,8.87059,33.0479,23.1887,0.0718272,9.78743,65.3815,0,0,0
100,4,1,36,1,1,1,4317.58,18633.3,131.921,46.3844,0.482746,37.5182,17954.7,29.6011,23.1957,0.267264,6.13812,35.1397,23.1887,0.0718272,11.8792,64.7408,0,0,0
100,4,1,37,1,1,2,10319.9,24634.1,145.808,46.3844,0.482746,51.4458,23708.5,30.8879,23.1957,0.267264,7.42495,44.2068,23.1887,0.0718272,20.0206,75.0947,0,0,0
100,4,1,38,1,1,2,10318,24633.1,151.462,46.3844,0.482746,57.1165,23607,34.8494,23.1957,0.267264,11.3865,46.683,23.1887,0.0718272,22.5041,81.5324,0,0,0
100,4,1,39,1,1,1,4316.62,18627.6,128.406,46.3844,0.482746,33.9934,18011.4,33.6204,23.1957,0.267264,10.1574,29.4726,23.1887,0.0718272,6.21212,63.093,0,0,0
100,4,1,40,1,1,1,4318.86,18632.4,121.922,46.3844,0.482746,27.4907,18131.5,30.3555,23.1957,0.267264,6.89253,31.9362,23.1887,0.0718272,8.67567,62.2917,0,0,0
100,4,1,41,1,1,2,10320.2,24636,156.698,69.5741,0.519494,39.7778,23916.2,33.2125,23.1957,0.267264,9.74953,59.2434,46.3784,0.108576,12.5109,92.4558,1,0,0
100,4,1,42,1,1,1,4317.26,18634.6,139.571,46.3844,0.482746,45.1904,17819.9,34.5589,23.1957,0.267264,11.0959,35.3112,23.1887,0.0718272,12.0506,69.87,0,0,0
100,4,1,43,1,1,3,16320.9,30653,163.902,46.3844,0.552902,69.5227,29405.1,35.304,23.1957,0.337421,11.7709,61.2331,23.1887,0.0718272,36.1122,96.5371,0,0,0
100,4,1,44,1,1,2,10318.6,24630.9,163.758,69.5741,0.519494,46.858,23785.5,33.4002,23.1957,0.267264,9.93723,60.4683,46.3784,0.108576,13.7399,93.8685,1,0,0
100,4,1,45,1,1,5,28322.1,42642.4,218.39,92.7639,0.556243,79.0593,41225,32.8443,23.1957,0.267264,9.38135,118.719,69.5682,0.145325,46.618,151.564,2,0,0
100,4,1,46,1,1,2,10323.8,24639,159.521,69.5741,0.519494,42.6095,23869,30.4764,23.1957,0.267264,7.01345,71.3225,46.3784,0.108576,24.6247,101.799,1,0,0
100,4,1,47,1,1,1,4318.86,18631.7,136.916,46.3844,0.482746,42.5283,17864.3,34.9595,23.1957,0.267264,11.4966,32.2322,23.1887,0.0718272,8.97166,67.1917,0,0,0
100,4,1,48,1,0,0,-1,-1,236.578,69.5741,0.37584,120.034,288947,-1,-1,-1,-1,-1,-1,-1,-1,-1,1,0,0
100,4,1,49,1,1,1,4319.11,18634.6,138.586,46.3844,0.482746,44.2032,17837.4,33.6637,23.1957,0.267264,10.2007,35.0152,23.1887,0.0718272,11.7547,68.6789,0,0,0
100,4,1,50,1,1,1,4333.32,18650.3,125.978,46.3844,0.482746,31.5587,18077.3,33.31,23.1957,0.267264,9.84699,30.292,23.1887,0.0718272,7.0315,63.602,0,0,0
100,4,1,51,1,1,4,22323.3,36640.8,192.02,69.5741,0.519494,75.2024,35292.9,34.7845,23.1957,0.267264,11.3215,89.9053,46.3784,0.108576,41.2938,124.69,1,0,0
100,4,1,52,1,1,2,10319.9,24634.4,168.786,69.5741,0.519494,51.9006,23699.6,31.8011,23.1957,0.267264,8.33818,67.091,46.3784,0.108576,20.3816,98.8921,1,0,0
100,4,1,53,1,0,0,-1,-1,210.224,46.3844,0.339091,116.193,286473,-1,-1,-1,-1,-1,-1,-1,-1,-1,0,0,0
100,4,1,54,1,1,2,10318.6,24634.3,171.039,69.5741,0.519494,54.1602,23659.5,32.3787,23.1957,0.267264,8.91571,70.4003,46.3784,0.108576,23.7006,102.779,1,0,0
100,4,1,55,1,1,1,4318.54,18641.3,135.711,46.3844,0.482746,41.3191,17895.2,33.1872,23.1957,0.267264,9.72426,31.8856,23.1887,0.0718272,8.62514,65.0729,0,0,0
100,4,1,56,1,1,1,4317.26,18636.3,136.198,46.3844,0.482746,41.8082,17881.6,33.3045,23.1957,0.267264,9.84157,31.2413,23.1887,0.0718272,7.98083,64.5459,0,0,0
100,4,1,57,1,1,1,4316.3,18642.7,136.463,46.3844,0.482746,42.0735,17883.3,32.108,23.1957,0.267264,8.64499,34.259,23.1887,0.0718272,10.9985,66.3669,0,0,0
100,4,1,58,1,1,2,10318.3,24636.6,127.368,46.3844,0.482746,32.952,24038.9,33.1529,23.1957,0.267264,9.68997,33.6574,23.1887,0.0718272,9.44091,66.8103,0,0,0
100,4,1,59,1,1,1,4315.02,18628.9,135.693,46.3844,0.482746,41.301,17883.1,32.8624,23.1957,0.267264,9.3994,32.5173,23.1887,0.0718272,9.25682,65.3797,0,0,0
100,4,1,60,1,1,2,10318,24630.5,145.579,46.3844,0.482746,51.2166,23709,31.6965,23.1957,0.267264,8.2335,43.9744,23.1887,0.0718272,19.7878,75.6708,0,0,0
100,4,1,61,1,1,6,34324.4,48641.4,199.52,115.954,0.592992,37.5453,47959,32.3985,23.1957,0.267264,8.93556,110.194,92.758,0.182074,14.4943,142.593,3,0,0
100,4,1,62,1,1,1,4318.22,18631.1,122.793,46.3844,0.482746,28.3642,18114.8,33.5067,23.1957,0.267264,10.0437,28.1714,23.1887,0.0718272,4.91086,61.678,0,0,0
100,4,1,63,1,1,1,4316.62,18631.4,131.633,46.3844,0.482746,37.2294,17957.9,29.6606,23.1957,0.267264,6.19768,35.0874,23.1887,0.0718272,11.8269,64.748,0,0,0
100,4,1,64,1,1,1,4317.58,18634.9,121.922,46.3844,0.482746,27.4907,18134.1,30.0054,23.1957,0.267264,6.5424,31.4633,23.1887,0.0718272,8.20282,61.4687,0,0,0
100,4,1,65,1,1,6,34329.5,48654.8,205.406,69.5741,0.714931,88.4316,47068.4,34.9655,23.1957,0.462701,11.3071,104.629,46.3784,0.108576,54.0917,139.594,1,0,0
100,4,1,66,1,1,1,4319.5,18635.6,134.996,46.3844,0.482746,40.6026,17902.2,33.3659,23.1957,0.267264,9.90294,32.6455,23.1887,0.0718272,9.38496,66.0114,0,0,0
100,4,1,67,1,1,1,4317.26,18633.3,122.282,46.3844,0.482746,27.8517,18126.1,27.5725,23.1957,0.267264,4.10953,31.2792,23.1887,0.0718272,8.01873,58.8517,0,0,0
100,4,1,68,1,1,1,4315.66,18630.8,123.105,46.3844,0.482746,28.6765,18108.9,27.0004,23.1957,0.267264,3.53741,32.4939,23.1887,0.0718272,9.23336,59.4942,0,0,0
100,4,1,69,1,1,1,4318.52,18637.4,125.978,46.3844,0.482746,31.5587,18064.4,33.485,23.1957,0.267264,10.0221,30.1747,23.1887,0.0718272,6.91419,63.6597,0,0,0
100,4,1,70,1,1,1,4329.36,18642.9,130.188,46.3844,0.517824,35.7459,17994.8,29.029,23.1957,0.267264,5.566,35.1242,23.1887,0.106906,11.8287,64.1532,0,0,0
100,4,1,71,1,1,5,28324.6,42645.7,193.411,69.5741,0.519494,76.5975,41273.1,32.5537,23.1957,0.267264,9.09078,95.5994,46.3784,0.108576,46.0206,128.153,1,0,0
100,4,1,72,1,1,1,4317.9,18632.7,131.458,46.3844,0.482746,37.0543,17962.3,30.1263,23.1957,0.267264,6.66332,35.5765,23.1887,0.0718272,12.316,65.7027,0,0,0
100,4,1,73,1,1,3,16320.3,30635.7,187.602,69.5741,0.519494,70.7716,29366.4,31.5412,23.1957,0.267264,8.07828,86.5085,46.3784,0.108576,38.8718,118.05,1,0,0
100,4,1,74,1,1,2,10316.1,24627.7,141.331,46.3844,0.482746,46.9555,23781.7,33.689,23.1957,0.267264,10.226,37.6361,23.1887,0.0718272,13.4313,71.3251,0,0,0
100,4,1,75,1,1,1,4316.3,18634.3,138.09,46.3844,0.482746,43.705,17846,34.3946,23.1957,0.267264,10.9317,32.2159,23.1887,0.0718272,8.95542,66.6106,0,0,0
100,4,1,76,1,1,4,22324.2,36640,141.536,46.3844,0.482746,47.1612,35790.4,33.2739,23.1957,0.267264,9.81089,45.8149,23.1887,0.0718272,19.6651,79.0888,0,0,0
100,4,1,77,1,1,2,10322.6,24637.1,143.616,46.3844,0.482746,49.2476,23750.5,34.5408,23.1957,0.267264,11.0779,39.4199,23.1887,0.0718272,15.2199,73.9608,0,0,0
100,4,1,78,1,1,4,22323.6,36638.1,177.486,92.7639,0.556243,38.0362,35948.1,33.7323,23.1957,0.267264,10.2693,85.9777,69.5682,0.145325,14.7651,119.71,2,0,0
100,4,1,79,1,1,1,4317.58,18632.4,137.665,46.3844,0.482746,43.2791,17851.6,32.9797,23.1957,0.267264,9.51671,31.9416,23.1887,0.0718272,8.68109,64.9213,0,0,0
100,4,1,80,1,1,5,28324,42645.7,212.264,92.7639,0.556243,72.9157,41337.3,31.6225,23.1957,0.267264,8.1595,113.729,69.5682,0.145325,41.6133,145.352,2,0,0
100,4,1,81,1,1,3,16321.6,30637.7,172.509,69.5741,0.519494,55.6348,29636.7,27.4588,23.1957,0.267264,3.99583,83.6835,46.3784,0.108576,36.0382,111.142,1,0,0
100,4,1,82,1,1,2,10320.5,24637.2,150.825,46.3844,0.482746,56.4776,23622.4,32.3498,23.1957,0.267264,8.88684,47.1476,23.1887,0.0718272,22.9697,79.4974,0,0,0
100,4,1,83,1,1,4,22322.9,36635.2,185.307,69.5741,0.519494,68.4705,35406.6,30.8807,23.1957,0.267264,7.41773,98.5501,46.3784,0.108576,49.9641,129.431,1,0,0
100,4,1,84,1,1,6,34325.3,48641.1,151.305,69.5741,0.519494,34.3688,48017.2,30.1985,23.1957,0.267264,6.73551,63.3499,46.3784,0.108576,12.6932,93.5484,1,0,0
100,4,1,85,1,1,1,4317.58,18633,122.566,46.3844,0.482746,28.1368,18120.7,26.8253,23.1957,0.267264,3.36234,31.3821,23.1887,0.0718272,8.1216,58.2074,0,0,0
100,4,1,86,1,1,2,10324.1,24638.9,158.832,69.5741,0.519494,41.9183,23881.2,32.283,23.1957,0.267264,8.82006,60.1795,46.3784,0.108576,13.4494,92.4625,1,0,0
100,4,1,87,1,1,2,10318.9,24642.8,152.288,46.3844,0.482746,57.9449,23602,35.1563,23.1957,0.267264,11.6933,47.4532,23.1887,0.0718272,23.2765,82.6095,0,0,0
100,4,1,88,1,1,1,4315.34,18626.9,122.325,46.3844,0.482746,27.895,18118.9,30.7056,23.1957,0.267264,7.24266,32.8133,23.1887,0.0718272,9.55281,63.5189,0,0,0
100,4,1,89,1,1,2,10319.9,24635,159.827,69.5741,0.519494,42.9163,23859.6,32.1657,23.1957,0.267264,8.70275,61.6473,46.3784,0.108576,14.9221,93.813,1,0,0
100,4,1,90,1,1,1,4319.5,18637,133.564,46.3844,0.482746,39.166,17929.2,35.1274,23.1957,0.267264,11.6644,28.6803,23.1887,0.0718272,5.41981,63.8077,0,0,0
100,4,1,91,1,1,3,16318.4,30632.5,146.929,46.3844,0.482746,52.5702,29687,32.8786,23.1957,0.267264,9.41564,46.469,23.1887,0.0718272,21.3057,79.3476,0,0,0
100,4,1,92,1,1,1,4316.62,18632.4,122.325,46.3844,0.482746,27.895,18124.4,30.9348,23.1957,0.267264,7.47187,32.5769,23.1887,0.0718272,9.31638,63.5117,0,0,0
100,4,1,93,1,1,3,16322.9,30645.3,125.834,46.3844,0.482746,31.4143,30074.9,30.0234,23.1957,0.267264,6.56045,35.053,23.1887,0.0718272,9.85601,65.0765,0,0,0
100,4,1,94,1,1,1,4318.54,18634,138.496,46.3844,0.482746,44.1129,17838.4,35.3313,23.1957,0.267264,11.8684,32.9415,23.1887,0.0718272,9.68095,68.2728,0,0,0
100,4,1,95,1,1,2,10320.5,24638.2,169.543,69.5741,0.519494,52.6605,23690,29.5885,23.1957,0.267264,6.12549,69.1912,46.3784,0.108576,22.4878,98.7797,1,0,0
100,4,1,96,1,1,1,4315.98,18630.5,121.922,46.3844,0.482746,27.4907,18129.6,30.1804,23.1957,0.267264,6.71747,31.6998,23.1887,0.0718272,8.43924,61.8802,0,0,0
100,4,1,97,1,1,1,4315.02,18630.8,134.271,46.3844,0.482746,39.8753,17910.3,30.1678,23.1957,0.267264,6.70483,32.7989,23.1887,0.0718272,9.53837,62.9667,0,0,0
100,4,1,98,1,1,1,4315.34,18630.1,134.148,46.3844,0.482746,39.7525,17911.9,35.3025,23.1957,0.267264,11.8395,29.6206,23.1887,0.0718272,6.36012,64.9231,0,0,0
100,4,1,99,1,1,1,4319.75,18637.8,135.351,46.3844,0.517824,40.9238,17897.9,31.4789,23.1957,0.302342,7.98083,32.9956,23.1887,0.0718272,9.73509,64.4745,0,0,0
100,4,1,100,1,1,3,16322.2,30642.5,154.863,46.3844,0.482746,60.5276,29555.9,28.1591,23.1957,0.267264,4.69609,63.7958,23.1887,0.0718272,38.6823,91.9549,0,0,0
