lossProb,N,seed,dutyCycle,radius,simTime,authLatencyMeanMs,authLatencyStdMs,successRatePct,e2eMeanMs,sessionEnergyMeanMJ,regEnergyMeanMJ,authEnergyMeanMJ,sessionCpuEnergyMeanMJ,sessionTxEnergyMeanMJ,sessionRxEnergyMeanMJ,regCpuEnergyMeanMJ,regTxEnergyMeanMJ,regRxEnergyMeanMJ,authCpuEnergyMeanMJ,authTxEnergyMeanMJ,authRxEnergyMeanMJ,radioSharePct,fullEnergyMeanMJ,fullCpuEnergyMeanMJ,fullTxEnergyMeanMJ,fullRxEnergyMeanMJ,idleListeningMeanMs,totalAttempts,totalFallbacks,totalReplaysRejected,totalMacDrops,desyncCount,regFailures,authFailures,messageSizesOk,totalSessionBytes
0.05,100,1,1,10,300,4863.35,1734.23,99,19179.4,66.0441,32.2054,33.8386,47.5556,0.345402,18.0942,23.1957,0.269947,8.73977,24.3599,0.0754548,9.35442,27.9201,132.252,47.3121,0.489327,36.9419,20956,108,5,0,0,0,0,0,1,398
0.05,100,2,1,10,300,5037.63,2137.48,100,19353.7,67.2507,32.1583,35.0924,48.4715,0.3431,18.3877,23.1957,0.267615,8.69498,25.2758,0.0754854,9.69268,27.8522,134.88,48.4715,0.486755,38.4528,18658.4,112,9,0,0,0,0,0,1,398
0.05,100,3,1,10,300,4918.13,2000.56,100,19234,66.0292,32.441,33.5882,46.8482,0.34604,18.7561,23.1957,0.273478,8.97182,23.6525,0.0725622,9.78429,28.9298,132.515,46.8482,0.492568,37.6535,18552.8,110,2,0,0,0,0,0,1,398
0.05,100,4,1,10,300,5098.48,2200.63,100,19414.5,66.2331,32.0308,34.2022,47.7758,0.345004,18.0322,23.1957,0.270271,8.56484,24.5801,0.0747337,9.46739,27.7463,133.196,47.7758,0.494405,37.4321,18737.3,113,6,0,1,0,0,0,1,398
0.05,100,5,1,10,300,4918.06,2000.66,100,19233.8,65.4426,32.0789,33.3637,47.312,0.340912,17.7242,23.1957,0.267615,8.61563,24.1163,0.0732972,9.10854,27.6044,132.168,47.312,0.484566,36.8626,18566.7,110,4,0,0,0,0,0,1,398
0.1,100,1,1,10,300,5578.2,2600.82,100,19894.1,68.337,32.0927,36.2444,48.7034,0.345222,19.1635,23.1957,0.269018,8.62795,25.5077,0.0762036,10.5355,28.5478,134.814,48.7034,0.488876,38.1583,19203.9,121,10,0,0,0,0,0,1,398
0.1,100,2,1,10,300,5938.11,3501.97,100,20254.3,70.7755,32.2424,38.5331,49.8628,0.346909,20.4198,23.1957,0.269569,8.77718,26.6671,0.0773395,11.6426,29.3416,138.451,49.8628,0.493436,40.6736,19519.5,127,15,0,0,0,0,0,1,398
0.1,100,3,1,10,300,5697.89,3058.41,100,20013.6,70.7246,32.5717,38.1529,49.6309,0.345288,20.6332,23.1957,0.267966,9.10801,26.4352,0.0773228,11.5251,29.6622,137.437,49.6309,0.488943,39.8871,19292.8,123,14,0,0,0,0,0,1,398
0.1,100,4,1,10,300,6298.39,4354.45,100,20614.4,70.8137,32.1159,38.6978,49.8628,0.34761,20.3993,23.1957,0.26992,8.65026,26.6671,0.0776903,11.7491,29.2979,137.87,49.8628,0.492701,40.0924,19889.8,133,15,0,1,0,0,0,1,398
0.1,100,5,1,10,300,6058,3443.58,100,20374,68.8562,32.1574,36.6988,48.7034,0.348262,19.6024,23.1957,0.271874,8.68986,25.5077,0.0763874,10.9125,28.9744,135.441,48.7034,0.493353,38.7833,19672.6,129,10,0,0,0,0,0,1,398
0.2,100,1,1,10,300,7498.86,5425.84,100,21874.6,74.7271,32.3199,42.4072,51.5442,0.354108,22.4714,23.2537,0.271707,8.78696,28.2904,0.0824008,13.6844,30.5451,141.051,51.5442,0.499199,41.6403,21122.4,154,22,0,1,0,0,0,1,398
0.2,100,2,1,10,300,7618.43,4928.08,100,21934.4,76.9538,32.2412,44.7126,52.6456,0.349364,23.6346,23.1957,0.267615,8.77792,29.4499,0.0817494,14.8567,31.1668,144.732,52.6456,0.493019,44.2668,21135.8,155,27,0,0,0,0,0,1,398
0.2,100,3,1,10,300,7738.86,5478.99,100,22055.3,78.8077,32.7587,46.049,53.1094,0.357015,25.0129,23.1957,0.274179,9.28885,29.9137,0.0828351,15.724,32.1921,145.837,53.1094,0.503542,44.914,21245.2,157,29,0,0,0,0,0,1,398
0.2,100,4,1,10,300,8458.9,6914.25,100,22775,76.3022,32.0923,44.2099,52.4137,0.350751,23.0684,23.1957,0.268667,8.62795,29.218,0.0820835,14.4405,30.6927,143.098,52.4137,0.495842,42.8513,22001.4,169,26,0,0,0,0,0,1,398
0.2,100,5,1,10,300,7738.34,5545.47,100,22054.4,75.73,32.0512,43.6788,52.1818,0.350032,22.8397,23.1957,0.268667,8.58688,28.9861,0.0813652,14.2528,30.6216,142.649,52.1818,0.495123,42.6268,21284.8,157,25,0,0,0,0,0,1,398
0.3,100,1,1,10,300,8788.53,6172.87,98,23104.3,79.6482,32.1657,47.4826,53.7199,0.355216,25.0967,23.1957,0.271406,8.69855,30.5242,0.0838098,16.3982,31.9555,146.985,54.5008,0.497144,44.7185,27187.3,171,35,0,0,0,0,2,1,398
0.3,100,2,1,10,300,9944.79,7731.4,96,24261,83.678,32.293,51.385,55.0805,0.356944,27.6228,23.1957,0.271336,8.82592,31.8848,0.085608,18.7969,33.4374,153.776,55.8922,0.495975,50.1774,33614.8,186,41,0,0,0,0,4,1,398
0.3,100,3,1,10,300,11299.8,8162.02,98,25615.8,90.5175,32.6891,57.8284,58.4525,0.36292,30.9762,23.1957,0.27161,9.22181,35.2568,0.0913095,21.7544,34.6222,159.432,59.3706,0.507935,52.4542,29647,212,56,0,0,0,0,2,1,398
0.3,100,4,1,10,300,10625.9,8503.77,98,24942,82.5687,31.974,50.5947,55.613,0.357142,25.883,23.1957,0.270332,8.50794,32.4173,0.0868097,17.3751,31.7798,150.398,55.6603,0.499366,47.0119,29392,201,40,0,0,0,0,2,1,398
0.3,100,5,1,10,300,9167.8,6788.08,99,23483.6,79.6644,32.1188,47.5457,53.8801,0.352033,24.8995,23.1957,0.267973,8.65509,30.6844,0.0840599,16.2444,31.6973,147.182,54.2689,0.496293,45.1423,25200.2,179,34,0,0,0,0,1,1,398
0,100,1,1,10,300,4317.68,3.44214,100,18693.3,64.2152,32.3428,31.8724,46.6743,0.35065,17.1827,23.2537,0.276318,8.80517,23.4206,0.0743328,8.37748,27.304,130.594,46.6743,0.495741,35.8932,18043,101,1,0,1,0,0,0,1,398
0,100,2,1,10,300,4317.55,2.70536,100,18633.7,63.6922,32.0565,31.6357,46.3844,0.339275,16.9685,23.1957,0.267264,8.59352,23.1887,0.0720109,8.37503,27.1742,131.114,46.3844,0.484366,36.7073,17969.4,100,0,0,0,0,0,0,1,398
0,100,3,1,10,300,4317.5,2.40124,100,18633.6,64.2319,32.337,31.8949,46.3844,0.340845,17.5067,23.1957,0.268667,8.8726,23.1887,0.072178,8.63405,27.786,130.652,46.3844,0.485936,36.2423,17977.5,100,0,0,0,0,0,0,1,398
0,100,4,1,10,300,4318.14,3.48088,100,18633.9,63.612,32.0316,31.5804,46.3844,0.339793,16.8878,23.1957,0.267615,8.56825,23.1887,0.072178,8.31953,27.0823,130.554,46.3844,0.48632,36.1441,17979.5,100,0,0,0,0,0,0,1,398
0,100,5,1,10,300,4317.52,2.3714,99,18633.3,63.5651,32.0878,31.4773,46.3844,0.339446,16.8412,23.1957,0.267618,8.62446,23.1887,0.0718272,8.21678,27.0285,130.132,46.1526,0.484867,35.9481,20310.9,99,0,0,0,0,0,0,1,398
