N,seed,dutyCycle,radius,simTime,authLatencyMeanMs,authLatencyStdMs,successRatePct,e2eMeanMs,sessionEnergyMeanMJ,regEnergyMeanMJ,authEnergyMeanMJ,sessionCpuEnergyMeanMJ,sessionTxEnergyMeanMJ,sessionRxEnergyMeanMJ,regCpuEnergyMeanMJ,regTxEnergyMeanMJ,regRxEnergyMeanMJ,authCpuEnergyMeanMJ,authTxEnergyMeanMJ,authRxEnergyMeanMJ,radioSharePct,fullEnergyMeanMJ,fullCpuEnergyMeanMJ,fullTxEnergyMeanMJ,fullRxEnergyMeanMJ,idleListeningMeanMs,totalAttempts,totalFallbacks,totalReplaysRejected,totalMacDrops,desyncCount,regFailures,authFailures,messageSizesOk,totalSessionBytes
1000,1,0,10,300,4571.65,1212.71,94.5,19474.6,236.378,123.78,112.598,48.0171,0.414791,187.926,23.7486,0.331278,99.6799,24.2684,0.0835129,88.2457,79.6775,1310.6,46.681,0.568514,1219.25,278369,990,44,0,197,0,0,0,1,398
1000,1,1,10,300,4557.51,1208.06,93.2,19468.4,235.33,123.604,111.726,47.9839,0.411329,186.915,23.7502,0.327526,99.5071,24.2337,0.0838032,87.4082,79.6016,510.127,46.3391,0.569798,416.781,29603.2,975,42,0,195,0,0,0,1,398
1000,2,0,10,300,4533.33,1215.13,95.1,19545.1,240.464,127.456,113.008,47.8666,0.410063,192.167,23.8489,0.329787,103.257,24.0178,0.0802758,88.9103,80.0857,1313.08,46.6928,0.568587,1221.72,278325,985,34,0,190,0,0,0,1,398
1000,2,1,10,300,4587.24,1334.23,93.9,19646.9,242.958,128.364,114.594,48.1697,0.419219,194.348,23.8944,0.336414,104.112,24.2753,0.0828049,90.2358,80.1648,521.018,46.774,0.573973,427.277,27340.1,983,46,0,240,0,0,2,1,398
1000,3,0,10,300,4660.28,1499.25,93.5,19783,246.676,130.338,116.339,48.5928,0.422452,197.635,23.9656,0.338169,106.008,24.6272,0.0842828,91.627,80.2905,1324.47,46.9886,0.575713,1232.85,278128,993,58,0,246,0,0,0,1,398
1000,3,1,10,300,4571.84,1209.08,92.7,19551.4,242.313,127.393,114.92,48.1489,0.41676,193.73,23.8345,0.333046,103.208,24.3144,0.0837146,90.5216,80.1224,519.477,46.4262,0.572675,426.07,30743.6,972,46,0,225,0,0,1,1,398
1000,4,0,10,300,4573.59,1274.05,94.6,19545.3,242.1,127.36,114.74,48.1871,0.412875,193.483,23.8217,0.330773,103.19,24.3653,0.0821021,90.2924,80.089,1315.28,46.8783,0.570984,1223.75,278289,994,48,0,210,0,0,0,1,398
1000,4,1,10,300,4566.14,1195.92,94.8,19643.4,245.415,130.566,114.849,48.3606,0.415158,196.617,23.9244,0.330771,106.288,24.4362,0.0843869,90.3283,80.2853,522.169,47.1276,0.573617,428.088,26001.3,999,52,0,230,0,0,1,1,398
1000,5,0,10,300,4644.55,1443.31,94.4,19805.5,247.566,130.906,116.66,48.4858,0.427759,198.623,23.9952,0.343398,106.54,24.4906,0.0843605,92.0836,80.4033,1328.44,47.1219,0.584845,1236.7,278060,1001,53,0,256,0,0,0,1,398
1000,5,1,10,300,4548.18,1187.47,94.3,19796.9,245.745,132.198,113.548,48.3775,0.424087,196.911,24.0822,0.34177,107.741,24.2953,0.0823172,89.1701,80.3005,519.889,46.9713,0.581192,425.945,26891.5,988,45,0,251,0,0,0,1,398
100,1,0,10,300,4317.67,3.42569,100,18693.3,64.2259,32.353,31.873,46.6743,0.35065,17.1934,23.2537,0.276318,8.81533,23.4206,0.0743328,8.37806,27.3161,211.821,46.6743,0.495741,117.356,297908,101,1,0,1,0,0,0,1,398
100,1,1,10,300,4317.68,3.44214,100,18693.3,64.2152,32.3428,31.8724,46.6743,0.35065,17.1827,23.2537,0.276318,8.80517,23.4206,0.0743328,8.37748,27.304,130.594,46.6743,0.495741,35.8932,18043,101,1,0,1,0,0,0,1,398
100,2,0,10,300,4317.55,2.70536,100,18633.7,63.6984,32.0627,31.6357,46.3844,0.339275,16.9748,23.1957,0.267264,8.59973,23.1887,0.0720109,8.37503,27.1813,210.475,46.3844,0.484366,116.299,297927,100,0,0,0,0,0,0,1,398
100,2,1,10,300,4317.55,2.70536,100,18633.7,63.6922,32.0565,31.6357,46.3844,0.339275,16.9685,23.1957,0.267264,8.59352,23.1887,0.0720109,8.37503,27.1742,131.114,46.3844,0.484366,36.7073,17969.4,100,0,0,0,0,0,0,1,398
100,3,0,10,300,4317.5,2.40124,100,18633.6,64.2365,32.3416,31.8949,46.3844,0.340845,17.5113,23.1957,0.268667,8.87722,23.1887,0.072178,8.63405,27.7912,210.316,46.3844,0.485936,116.138,297930,100,0,0,0,0,0,0,1,398
100,3,1,10,300,4317.5,2.40124,100,18633.6,64.2319,32.337,31.8949,46.3844,0.340845,17.5067,23.1957,0.268667,8.8726,23.1887,0.072178,8.63405,27.786,130.652,46.3844,0.485936,36.2423,17977.5,100,0,0,0,0,0,0,1,398
100,4,0,10,300,4318.14,3.48088,100,18633.9,63.6154,32.035,31.5804,46.3844,0.339793,16.8913,23.1957,0.267615,8.57174,23.1887,0.072178,8.31953,27.0863,210.284,46.3844,0.48632,116.105,297930,100,0,0,0,0,0,0,1,398
100,4,1,10,300,4318.14,3.48088,100,18633.9,63.612,32.0316,31.5804,46.3844,0.339793,16.8878,23.1957,0.267615,8.56825,23.1887,0.072178,8.31953,27.0823,130.554,46.3844,0.48632,36.1441,17979.5,100,0,0,0,0,0,0,1,398
100,5,0,10,300,4317.52,2.3714,99,18633.3,63.5705,32.0933,31.4773,46.3844,0.339446,16.8467,23.1957,0.267618,8.62993,23.1887,0.0718272,8.21678,27.0348,209.896,46.1526,0.484867,115.944,297933,99,0,0,0,0,0,0,1,398
100,5,1,10,300,4317.52,2.3714,99,18633.3,63.5651,32.0878,31.4773,46.3844,0.339446,16.8412,23.1957,0.267618,8.62446,23.1887,0.0718272,8.21678,27.0285,130.132,46.1526,0.484867,35.9481,20310.9,99,0,0,0,0,0,0,1,398
1200,1,0,10,300,4745.16,1792.38,89.3333,20432.6,300.609,165.678,134.931,49.3443,0.464465,250.774,24.49,0.374279,140.788,24.8544,0.090186,109.986,83.5766,1591.34,46.6956,0.618471,1500.74,273377,1149,77,0,481,0,0,0,1,398
1200,1,1,10,300,4764.31,1682.82,89.1667,20335.7,298.861,163,135.861,49.4688,0.455827,248.914,24.373,0.366481,138.238,25.0959,0.0893461,110.675,83.44,645.485,46.7582,0.608229,552.087,38921.8,1158,88,0,459,0,0,0,1,398
1200,2,0,10,300,4765.12,1598.21,89.5833,20481.1,307.183,169.325,137.858,49.5194,0.464643,257.179,24.5187,0.373958,144.412,25.0007,0.0906849,112.767,83.873,1591.73,46.8695,0.613006,1500.97,273373,1160,84,0,489,0,0,0,1,398
1200,2,1,10,300,4867.69,1970.08,90.5833,20463.6,309.533,167.208,142.325,49.7727,0.460924,259.281,24.4079,0.369092,142.413,25.3647,0.091832,116.868,83.9142,654.07,47.3427,0.61152,560.125,34800.5,1189,102,0,460,0,0,0,1,398
1200,3,0,10,300,4893.24,1981.66,88.6667,20867,320.107,176.994,143.113,50.4076,0.487667,269.179,24.7561,0.39171,151.813,25.6515,0.0959569,117.366,84.2427,1624.66,47.4592,0.639428,1533.39,272798,1177,113,0,582,0,0,0,1,398
1200,3,1,10,300,4828.71,1808.83,89.4167,20307.5,302.2,161.981,140.219,49.6708,0.459488,252.051,24.2993,0.364364,137.299,25.3715,0.0951241,114.752,83.5575,647.907,46.9562,0.613758,554.317,37942.4,1175,101,0,447,0,0,0,1,398
1200,4,0,10,300,4776.13,1697.61,89.4167,20551.3,308.056,170.359,137.697,49.7145,0.46018,257.855,24.5807,0.36932,145.383,25.1338,0.0908601,112.472,83.8532,1603.5,47.0532,0.613221,1512.59,273167,1163,90,0,515,0,0,0,1,398
1200,4,1,10,300,4743.77,1742.92,89.5833,20539,309.701,172.239,137.462,49.5141,0.467583,259.695,24.5997,0.376746,147.238,24.9144,0.0908371,112.457,84.0043,658.498,46.9421,0.619795,564.947,37488.3,1156,81,0,525,0,0,1,1,398
1200,5,0,10,300,4937.51,2135.09,89.3333,20885.9,322.324,178.35,143.974,50.5018,0.483699,271.311,24.7389,0.391196,153.193,25.7629,0.0925031,118.118,84.3235,1630.82,47.7539,0.634327,1539.29,272693,1194,119,0,582,0,1,0,1,398
1200,5,1,10,300,4907.82,1974.71,86.9167,20734.7,316.349,173.316,143.033,50.1604,0.480644,265.682,24.615,0.386583,148.288,25.5455,0.0940613,117.393,84.1358,679.139,46.8069,0.628915,585.77,44732.4,1151,107,0,563,0,0,1,1,398
200,1,0,10,300,4318.54,4.54485,100,18635.4,80.3185,40.4651,39.8534,46.3844,0.345898,33.5882,23.1957,0.272927,16.9964,23.1887,0.0729714,16.5917,42.2494,327.272,46.3844,0.491707,233.428,295850,200,0,0,0,0,0,0,1,398
200,1,1,10,300,4318.54,4.54485,100,18635.4,80.3095,40.4561,39.8534,46.3844,0.345898,33.5792,23.1957,0.272927,16.9875,23.1887,0.0729714,16.5917,42.243,166.305,46.3844,0.491707,71.994,17345.3,200,0,0,0,0,0,0,1,398
200,2,0,10,300,4318.32,3.46649,99.5,18634.9,80.3824,40.5851,39.7973,46.3844,0.343095,33.6549,23.1957,0.271268,17.1181,23.1887,0.0718272,16.5368,42.2954,327.128,46.2685,0.491206,233.398,295851,199,0,0,0,0,0,0,1,398
200,2,1,10,300,4318.32,3.46649,99.5,18634.9,80.3736,40.5763,39.7973,46.3844,0.343095,33.6461,23.1957,0.271268,17.1093,23.1887,0.0718272,16.5368,42.289,167.819,46.2685,0.491206,73.6255,18634,199,0,0,0,0,0,0,1,398
200,3,0,10,300,4318.47,3.90931,100,18635.2,82.442,41.6254,40.8167,46.3844,0.341647,35.716,23.1958,0.268584,18.161,23.1887,0.0730633,17.5549,43.7369,327.181,46.3844,0.489611,233.339,295852,200,0,0,0,0,0,0,1,398
200,3,1,10,300,4318.47,3.90931,100,18635.2,82.4312,41.6145,40.8167,46.3844,0.341647,35.7051,23.1958,0.268584,18.1501,23.1887,0.0730633,17.5549,43.7295,171.252,46.3844,0.489611,76.9572,17257.2,200,0,0,0,0,0,0,1,398
200,4,0,10,300,4319.03,5.39083,100,18666.7,81.0759,41.1828,39.8931,46.4135,0.350801,34.3082,23.2248,0.278088,17.6765,23.1887,0.0727125,16.6317,42.7488,328.315,46.4135,0.498765,234.439,295832,200,0,0,1,0,0,0,1,398
200,4,1,10,300,4319.03,5.39083,100,18666.7,81.0675,41.1745,39.8931,46.4135,0.350801,34.2998,23.2248,0.278088,17.6682,23.1887,0.0727125,16.6317,42.7429,168.103,46.4135,0.498765,73.7615,17345.1,200,0,0,1,0,0,0,1,398
200,5,0,10,300,4348.45,425.694,100,18665.2,81.4393,40.8325,40.6068,46.5003,0.345105,34.5931,23.1957,0.271599,17.3652,23.3046,0.073506,17.2279,42.9009,327.787,46.5003,0.490914,233.833,295843,201,1,0,1,0,0,0,1,398
200,5,1,10,300,4318.46,4.1293,99.5,18665.2,81.2773,40.9698,40.3075,46.4136,0.348803,34.5115,23.2249,0.275557,17.4659,23.1887,0.0732458,17.0456,42.8906,167.902,46.2975,0.497796,73.6736,18502.9,199,0,0,2,0,0,0,1,398
300,1,0,10,300,4319.3,4.98999,99.3333,18636.8,96.8148,48.8895,47.9254,46.3844,0.345195,50.0853,23.1957,0.271956,25.4218,23.1887,0.0732398,24.6635,52.0896,443.063,46.2298,0.493108,349.705,293788,298,0,0,1,0,0,0,1,398
300,1,1,10,300,4319.3,4.98966,99.3333,18636.8,96.7641,48.8546,47.9095,46.3844,0.345195,50.0345,23.1957,0.271956,25.3869,23.1887,0.0732398,24.6476,52.0645,203.021,46.2298,0.492629,108.965,18433.6,298,0,0,1,0,0,0,1,398
300,2,0,10,300,4319.85,5.80329,99.6667,18677.8,98.1701,49.7366,48.4335,46.4813,0.350823,51.3333,23.2151,0.276744,26.2401,23.2662,0.0740786,25.0932,52.6475,445.564,46.4038,0.500758,352.036,293747,300,1,0,2,0,0,0,1,398
300,2,1,10,300,4319.85,5.80923,99.6667,18677.8,98.1453,49.7175,48.4278,46.4813,0.350706,51.3087,23.2151,0.276627,26.2212,23.2662,0.0740786,25.0875,52.6356,205.971,46.4038,0.500641,111.747,17566.2,300,1,0,2,0,0,0,1,398
300,3,0,10,300,4339.73,347.094,99.6667,18718.1,99.7513,50.5758,49.1755,46.5202,0.355035,52.8699,23.2539,0.281258,27.0347,23.2662,0.0737769,25.8352,53.3577,446.575,46.4424,0.502707,353.011,293730,300,1,0,5,0,0,0,1,398
300,3,1,10,300,4339.73,347.094,99.6667,18718.1,99.7356,50.5602,49.1755,46.5202,0.355035,52.8543,23.2539,0.281258,27.0191,23.2662,0.0737769,25.8352,53.3503,208.798,46.4424,0.502707,114.543,17565.8,300,1,0,5,0,0,0,1,398
300,4,0,10,300,4319.56,5.25438,99.3333,18698.4,98.2965,50.0109,48.2856,46.5207,0.355263,51.4146,23.2542,0.281653,26.4691,23.2665,0.0736097,24.9455,52.667,446.354,46.3846,0.503865,352.845,293732,299,1,0,3,0,0,0,1,398
300,4,1,10,300,4319.48,5.16818,99.3333,18698.5,98.3837,50.052,48.3317,46.5207,0.35843,51.4986,23.2542,0.284758,26.5071,23.2665,0.0736714,24.9915,52.709,206.199,46.3846,0.507969,111.987,18392.3,299,1,0,3,0,0,0,1,398
300,5,0,10,300,4319.33,5.06719,99.6667,18657.1,98.5727,49.7918,48.7809,46.4038,0.345829,51.8208,23.2151,0.273001,26.3014,23.1887,0.0728272,25.5194,52.922,444.149,46.3265,0.494839,350.699,293771,299,0,0,1,0,0,0,1,398
300,5,1,10,300,4319.33,5.06719,99.6667,18657.1,98.5618,49.7809,48.7809,46.4038,0.345829,51.8099,23.2151,0.273001,26.2905,23.1887,0.0728272,25.5194,52.9167,206.926,46.3265,0.494839,112.786,17552.7,299,0,0,1,0,0,0,1,398
400,1,0,10,300,4334.9,301.164,99.25,18729.8,115.252,58.5517,56.6999,46.5743,0.354588,68.3158,23.2688,0.280976,34.9951,23.3055,0.0736112,33.3206,59.583,562.134,46.399,0.498297,468.953,291674,399,2,0,8,0,0,0,1,398
400,1,1,10,300,4334.9,301.164,99.25,18729.8,115.227,58.5273,56.6999,46.5743,0.354588,68.2913,23.2688,0.280976,34.9707,23.3055,0.0736112,33.3206,59.5744,242.498,46.399,0.498297,148.387,17965.3,399,2,0,8,0,0,0,1,398
400,2,0,10,300,4350.63,425.485,99.25,18760,116.136,59.008,57.1279,46.589,0.354327,69.1844,23.2835,0.280404,35.436,23.3055,0.0739226,33.7485,59.8771,564.246,46.4426,0.505889,471.021,291637,399,2,0,10,0,0,0,1,398
400,2,1,10,300,4350.63,425.485,99.25,18760,116.115,58.9873,57.1279,46.589,0.354327,69.1638,23.2835,0.280404,35.4153,23.3055,0.0739226,33.7485,59.8699,243.654,46.4426,0.505889,149.496,17971.1,399,2,0,10,0,0,0,1,398
400,3,0,10,300,4320.29,6.35301,99.75,18699.6,114.416,58.1205,56.2959,46.5589,0.354426,67.4976,23.2539,0.279535,34.5815,23.3049,0.0748917,32.9161,59.3027,563.013,46.5005,0.502435,469.731,291660,401,2,0,4,0,0,0,1,398
400,3,1,10,300,4335.54,301.295,99.25,18685.1,114.27,57.8606,56.4092,46.472,0.352025,67.4431,23.2249,0.278288,34.3547,23.2471,0.0737374,33.0884,59.329,241.216,46.2975,0.500782,147.198,18057.2,398,1,0,5,0,0,0,1,398
400,4,0,10,300,4320.24,5.74594,99.75,18684.8,115.687,58.9708,56.7157,46.428,0.358328,68.896,23.2394,0.284868,35.4424,23.1887,0.0734599,33.4536,59.8638,563.306,46.37,0.510015,470.144,291653,399,0,0,4,0,0,0,1,398
400,4,1,10,300,4320.24,5.74594,99.75,18684.8,115.67,58.9541,56.7157,46.428,0.358328,68.8793,23.2394,0.284868,35.4257,23.1887,0.0734599,33.4536,59.858,244.251,46.37,0.510015,150.162,16667.8,399,0,0,4,0,0,0,1,398
400,5,0,10,300,4320.57,6.63532,99.5,18700.5,116.64,59.3146,57.3257,46.5011,0.359136,69.7746,23.2542,0.284778,35.7702,23.2469,0.074358,34.0044,60.1282,563.912,46.3846,0.508157,470.74,291642,399,1,0,5,0,0,0,1,398
400,5,1,10,300,4350.82,426.104,99.25,18686,117.085,59.0617,58.0235,46.5743,0.356956,70.1527,23.2103,0.282756,35.5673,23.3639,0.0742003,34.5854,60.2208,247.209,46.399,0.507104,153.103,17790.2,400,3,0,4,0,0,0,1,398
500,1,0,10,300,4346.3,381.077,99,18776.1,132.803,67.6725,65.131,46.5838,0.364954,85.8462,23.3014,0.290555,44.072,23.2824,0.0743986,41.7742,64.9164,683.136,46.3499,0.517099,590.335,289521,497,2,0,14,0,0,0,1,398
500,1,1,10,300,4357.75,465.179,99.4,18763.3,132.495,67.2824,65.2122,46.6063,0.362705,85.519,23.2776,0.288388,43.7097,23.3287,0.0743177,41.8093,64.819,278.876,46.4774,0.512422,184.781,17048.4,500,3,0,14,0,0,0,1,398
500,2,0,10,300,4333.24,269.387,99.4,18750.3,133.282,67.8669,65.4152,46.5713,0.358044,86.3448,23.2893,0.283975,44.2857,23.282,0.074069,42.0591,65.0521,683.164,46.431,0.508323,590.293,289522,499,2,0,10,0,0,0,1,398
500,2,1,10,300,4333.18,269.387,99.4,18750.2,133.152,67.8411,65.3105,46.5246,0.357681,86.2613,23.2893,0.283975,44.2598,23.2353,0.073706,42.0015,65.0529,280.611,46.3847,0.507675,186.616,16960.2,498,1,0,10,0,0,0,1,398
500,3,0,10,300,4395.73,662.798,97.6,18766.4,132.558,66.8278,65.7301,46.7172,0.359875,85.477,23.2434,0.285207,43.2954,23.4738,0.0746682,42.1816,64.7543,679.025,46.1527,0.511396,586.41,289591,494,6,0,19,0,0,0,1,398
500,3,1,10,300,4395.73,662.798,97.6,18766.4,132.535,66.8044,65.7301,46.7172,0.359875,85.4536,23.2434,0.285207,43.272,23.4738,0.0746682,42.1816,64.748,281.919,46.1527,0.511396,188.15,21620.1,494,6,0,19,0,0,0,1,398
500,4,0,10,300,4381.64,600.649,99,18799.6,134.141,68.2555,65.8854,46.7125,0.359106,87.0615,23.2896,0.284525,44.6737,23.4229,0.0745808,42.3878,65.1708,682.434,46.4774,0.508002,589.517,289536,500,5,0,17,0,0,0,1,398
500,4,1,10,300,4381.64,600.649,99,18799.6,134.116,68.2303,65.8854,46.7125,0.359106,87.0364,23.2896,0.284525,44.6486,23.4229,0.0745808,42.3878,65.1642,283.494,46.4774,0.508002,189.417,18013.5,500,5,0,17,0,0,0,1,398
500,5,0,10,300,4370.15,538.83,98.8,18739.8,134.379,68.1178,66.261,46.7131,0.361432,87.3006,23.2428,0.28597,44.5854,23.4703,0.0754622,42.7152,65.235,682.816,46.3962,0.512048,589.974,289528,500,6,0,12,0,0,0,1,398
500,5,1,10,300,4382.26,601.751,98.8,18764,134.649,68.2773,66.3713,46.7249,0.361686,87.5575,23.2545,0.286873,44.7313,23.4703,0.074813,42.8261,65.2953,286.655,46.4078,0.512011,192.65,18534.7,500,6,0,14,0,0,0,1,398
600,1,0,10,300,4393.55,648.885,98.8333,18797.8,151.077,76.4878,74.5894,46.7366,0.371381,103.964,23.2742,0.294816,52.9132,23.4624,0.0765652,51.0504,69.0607,800.871,46.462,0.522484,708.298,287430,600,7,0,23,0,0,0,1,398
600,1,1,10,300,4393.48,648.901,98.6667,18929.1,152.172,77.9244,74.2474,46.8547,0.368955,104.932,23.3918,0.294194,54.2223,23.4629,0.0747617,50.7097,69.1988,320.286,46.5393,0.522752,226.241,18299.4,599,7,0,35,0,0,0,1,398
600,2,0,10,300,4404.47,694.31,98.5,18839.3,152.169,77.1758,74.9934,46.885,0.372403,104.903,23.3039,0.296034,53.5679,23.5811,0.0763692,51.3356,69.1834,804.658,46.5297,0.523378,712.03,287364,601,10,0,28,0,0,0,1,398
600,2,1,10,300,4363.71,492.979,98.5,18838.9,151.748,77.5322,74.2162,46.7281,0.374811,104.634,23.3432,0.298778,53.8792,23.3849,0.0760329,50.7553,69.1996,322.108,46.3751,0.526766,228.224,18624.5,596,5,0,28,0,0,0,1,398
600,3,0,10,300,4434.94,813.451,98.5,18910.5,152.89,77.4491,75.4405,47.0125,0.374596,105.491,23.3529,0.298727,53.7863,23.6595,0.0758689,51.7042,69.2429,807.035,46.6842,0.528208,714.258,287324,604,12,0,37,0,0,0,1,398
600,3,1,10,300,4445,848.778,98.5,18950.9,153.195,77.6368,75.5586,47.0812,0.372858,105.726,23.3824,0.296952,53.9431,23.6988,0.0759057,51.783,69.2573,323.003,46.7519,0.525597,228.756,18749.1,605,13,0,41,0,0,0,1,398
600,4,0,10,300,4363.19,492.884,98.5,18848.1,152.31,78.2723,74.0375,46.8162,0.370247,105.111,23.3529,0.294516,54.6132,23.4633,0.0757305,50.4983,69.2547,804.978,46.462,0.523375,712.416,287357,598,7,0,27,0,0,0,1,398
600,4,1,10,300,4343.03,349.085,98.5,18869.3,152.657,78.7751,73.8814,46.7771,0.37614,105.489,23.3922,0.300225,55.0685,23.3849,0.0759142,50.4206,69.3486,324.356,46.4234,0.527053,230.431,18789.1,596,5,0,28,0,0,0,1,398
600,5,0,10,300,4425.49,778.015,97.8333,18963.9,155.317,79.4548,75.8625,47.0662,0.380367,107.854,23.4034,0.30286,55.7333,23.6627,0.0775071,52.1211,69.6862,812.329,46.5781,0.534489,719.665,287228,600,12,0,42,0,0,0,1,398
600,5,1,10,300,4384.64,604.521,97.6667,18872.7,153.722,78.6851,75.0366,46.7012,0.380731,106.626,23.3543,0.304925,55.0147,23.347,0.0758065,51.6113,69.6107,327.75,46.1819,0.533807,234.063,20658.9,592,4,0,33,0,0,0,1,398
700,1,0,10,300,4385.37,604.869,97.7143,18983,171.356,88.5299,82.8259,46.995,0.382666,123.962,23.4673,0.305749,64.7404,23.5277,0.0769165,59.2213,72.565,929.693,46.4511,0.535926,837.492,285139,694,10,0,52,0,0,0,1,398
700,1,1,10,300,4394.33,646.418,97.5714,18974.9,171.55,88.3623,83.1882,46.9789,0.38294,124.174,23.4507,0.305336,64.5914,23.5282,0.0776039,59.5822,72.6064,364.709,46.4677,0.535619,270.849,20332.4,693,11,0,62,0,0,1,1,398
700,2,0,10,300,4402.83,683.719,98,19025.3,173.05,89.4029,83.6466,47.044,0.382979,125.606,23.4835,0.306107,65.5964,23.5605,0.0768725,60.0092,72.805,933.13,46.5754,0.541589,840.812,285080,697,11,0,54,0,0,0,1,398
700,2,1,10,300,4402.83,683.719,98,19025.3,173.011,89.3643,83.6464,47.044,0.382979,125.567,23.4835,0.306107,65.5578,23.5605,0.0768725,60.009,72.7989,364.369,46.5754,0.541589,270.397,19633,697,11,0,54,0,0,0,1,398
700,3,0,10,300,4411.63,720.621,97.8571,19017.8,172.87,89.0022,83.8675,47.0619,0.376876,125.415,23.467,0.29937,65.2194,23.5949,0.0775066,60.1951,72.7666,930.005,46.5257,0.528121,837.74,285135,697,12,0,57,0,0,0,1,398
700,3,1,10,300,4385.99,604.633,97.5714,18958.3,170.963,88.0363,82.9267,46.9281,0.381042,123.639,23.4338,0.304932,64.2824,23.4943,0.0761096,59.3564,72.5419,364.474,46.3518,0.533647,270.728,20806.8,692,9,0,52,0,0,0,1,398
700,4,0,10,300,4394.27,646.376,97.5714,18956.5,170.2,87.9418,82.2581,46.9534,0.376892,122.855,23.4252,0.299914,64.2021,23.5282,0.0769778,58.6527,72.4041,926.126,46.3765,0.528579,833.994,285201,693,10,0,48,0,0,0,1,398
700,4,1,10,300,4412.12,721.464,97.5714,18931.1,170.552,87.3145,83.2375,46.9789,0.378643,123.183,23.3828,0.301655,63.6181,23.5961,0.0769876,59.5644,72.4478,364.734,46.4097,0.5326,270.934,20447.8,695,12,0,47,0,0,0,1,398
700,5,0,10,300,4404.83,763.906,96.2857,19086.8,174.209,90.7132,83.4957,47.1419,0.385528,126.661,23.5404,0.309371,66.8426,23.6016,0.0761569,59.818,72.9274,928.334,46.2691,0.537069,836.305,285160,686,12,0,74,0,0,0,1,398
700,5,1,10,300,4422.76,826.628,96.7143,19032.8,172.361,88.8106,83.5508,47.0699,0.382208,124.891,23.4702,0.304647,65.0174,23.5997,0.0775613,59.8735,72.6805,371.602,46.2938,0.53218,277.935,23041.8,689,12,0,71,0,0,0,1,398
800,1,0,10,300,4448.75,1046.71,97.375,19045.4,191.095,98.2037,92.8917,47.1514,0.38499,143.545,23.4566,0.304697,74.4287,23.6947,0.0802928,69.1161,75.3183,1052.12,46.5299,0.541619,960.196,282963,797,17,0,64,0,0,0,1,398
800,1,1,10,300,4457.23,882.377,96.75,19187.4,193.128,100.643,92.4853,47.3737,0.388554,145.346,23.5858,0.311741,76.7253,23.7879,0.0768125,68.6206,75.46,412.134,46.588,0.541003,318.29,22627.4,794,20,0,96,0,0,0,1,398
800,2,0,10,300,4449.94,853.42,97.25,19117.8,193.366,100.103,93.2632,47.3387,0.391052,145.62,23.5241,0.311285,76.251,23.8146,0.079767,69.3688,75.5101,1056.13,46.6821,0.545862,964.066,282894,799,21,0,83,0,0,0,1,398
800,2,1,10,300,4472.73,1110.79,97.125,19179.6,194.655,100.792,93.8628,47.3475,0.392232,146.897,23.5619,0.31301,76.8985,23.7856,0.0792225,69.998,75.6665,414.15,46.6895,0.548941,320.205,21029.7,797,20,0,90,0,0,0,1,398
800,3,0,10,300,4443.01,881.594,97.125,19129,193.932,100.235,93.6965,47.325,0.391207,146.198,23.5394,0.311638,76.3667,23.7856,0.0795687,69.8313,75.588,1056.58,46.6677,0.547361,964.522,282886,797,20,0,91,0,0,0,1,398
800,3,1,10,300,4482.28,1091.7,96.5,19208.3,195.777,101.271,94.5058,47.4888,0.393091,147.875,23.5792,0.312148,77.3602,23.9096,0.080943,70.5153,75.7334,417.089,46.6966,0.547607,323.147,22934.1,796,24,0,107,0,0,0,1,398
800,4,0,10,300,4432.94,796.841,97.75,19051.5,190.175,98.0983,92.0765,47.2003,0.378826,142.581,23.4778,0.300655,74.3051,23.7225,0.0781713,68.2759,75.1728,1049.48,46.6675,0.530392,957.424,283012,800,18,0,69,0,0,0,1,398
800,4,1,10,300,4434.75,802.769,96.375,19120.6,191.944,99.6209,92.3234,47.1518,0.386346,144.387,23.5421,0.30863,75.7526,23.6098,0.0777158,68.6349,75.4249,409.892,46.3053,0.538817,316.319,23092.8,787,14,0,86,0,0,0,1,398
800,5,0,10,300,4490.78,1023.7,96.625,19107.7,193.82,99.2504,94.5694,47.4723,0.390919,145.942,23.4736,0.309301,75.4534,23.9987,0.0816184,70.4887,75.4995,1053.64,46.6385,0.544406,961.613,282938,801,27,0,88,0,0,0,1,398
800,5,1,10,300,4483.79,1052.66,95.625,19103.4,192.73,98.7165,94.0136,47.3625,0.391197,144.962,23.4766,0.31174,74.9141,23.8859,0.0794565,70.0475,75.4178,413.928,46.2908,0.542913,320.377,24700.8,789,23,0,91,0,0,0,1,398
900,1,0,10,300,4486.85,1047.33,96.4444,19212.4,212.864,110.509,102.355,47.5271,0.394567,164.928,23.5903,0.314212,86.5899,23.9367,0.0803543,78.3377,77.6658,1174.8,46.662,0.545989,1083.1,280784,896,28,0,115,0,0,0,1,398
900,1,1,10,300,4487.25,1009.48,96,19179.8,210.711,109.142,101.569,47.4115,0.393627,162.893,23.5518,0.31413,85.263,23.8597,0.0794967,77.6301,77.493,453.837,46.4429,0.543539,360.253,23449,889,25,0,113,0,0,0,1,398
900,2,0,10,300,4432.21,783.575,96.2222,19207,211.972,110.877,101.095,47.3223,0.396826,164.235,23.6248,0.316797,86.9176,23.6975,0.0800287,77.3172,77.6667,1176.99,46.4174,0.555252,1085.52,280741,885,19,0,117,0,0,0,1,398
900,2,1,10,300,4474.18,926.003,95.7778,19321.6,213.505,111.916,101.589,47.5486,0.402293,165.532,23.6874,0.322455,87.884,23.8612,0.0798381,77.6484,77.7192,459.508,46.527,0.559215,365.843,24140,887,25,0,129,0,0,0,1,398
900,3,0,10,300,4505.45,1011.99,95,19421.9,219.017,115.227,103.791,47.8159,0.411204,170.767,23.7593,0.328702,91.1155,24.0566,0.0825021,79.6517,78.1574,1187.6,46.6173,0.56593,1095.96,280555,887,32,0,156,0,0,0,1,398
900,3,1,10,300,4475.89,1011.75,95.8889,19296.4,216.06,112.879,103.181,47.6077,0.407336,168.026,23.6666,0.325751,88.8676,23.9411,0.0815844,79.1581,77.9565,459.204,46.63,0.563133,365.434,23448.8,892,28,0,132,0,0,0,1,398
900,4,0,10,300,4458.94,923.839,96.7778,19216.3,211.969,110.741,101.228,47.3568,0.395173,164.199,23.609,0.315435,86.7984,23.7478,0.0797381,77.4006,77.6501,1178.6,46.5977,0.551549,1086.97,280715,892,21,0,111,0,0,0,1,398
900,4,1,10,300,4494.48,1070.05,96,19380.4,215.775,113.635,102.139,47.6265,0.401337,167.724,23.74,0.322445,89.5502,23.8865,0.0788916,78.1739,77.9172,458.561,46.6687,0.554773,364.76,23206,890,26,0,146,0,0,0,1,398
900,5,0,10,300,4532.38,1162.2,95.2222,19427.9,219.055,114.683,104.373,47.8531,0.40903,170.77,23.7444,0.326593,90.589,24.1087,0.0824363,80.1815,78.1444,1184.38,46.701,0.562377,1092.65,280614,891,34,0,165,0,0,0,1,398
900,5,1,10,300,4413.72,706.304,95.1111,19251.4,212.692,112.292,100.401,47.2655,0.3951,165.012,23.6976,0.316677,88.2573,23.568,0.0784229,76.7542,77.7681,457.474,46.147,0.550009,364.182,25634,870,14,0,134,0,0,0,1,398
